risk_or_distress,modal_verbs_per_100w,conditional_phrases_per_100w,confidence_terms_per_100w,uncertainty_terms_per_100w,hedging_terms_per_100w,risk_terms_per_100w,answer_length
No,0.9472172374608099,0.30660521726573703,0.6858063312687224,0.18442281334860733,0.20081385487545728,0.14408349710459573,225.76190476190476
Unclear,0.9015789232442512,0.474713996035573,0.7771386936192538,0.3271760686849208,0.5932556461669659,0.20188458823818622,175.61228070175437
Yes,0.9503983879142073,0.493497095408721,0.7048625370301169,0.256615867119408,0.4281883701299666,0.2047481224674927,146.453125
