answer_coverage,modal_verbs_per_100w,conditional_phrases_per_100w,confidence_terms_per_100w,uncertainty_terms_per_100w,hedging_terms_per_100w,risk_terms_per_100w,answer_length
Fully answered,1.0438929441702722,0.5896152144361226,0.7146997011390529,0.2619189688050128,0.45472314506035455,0.2689641052240387,168.9620253164557
Partially answered,0.8545199787928266,0.4667417326084713,0.7626074662270421,0.22951530291550482,0.44285684168997974,0.20802672052954685,176.44390243902438
Unclear,0.9082827677100498,0.4483769387704176,0.7808258321375109,0.37478279809459086,0.6551700376001596,0.18142912817149875,174.37735849056602
